,Stock,Sector,Close,Score,Vol_Ratio,RSI,Liq_Cr,Dist_EMA20
1,MANKIND,Pharma,2545.0,85,4.2,65.0,111.6,5.9
2,ADANIPORTS,Conglomerate,1822.0,70,2.1,60.0,344.7,3.5
3,ABBOTINDIA,Pharma,27270.0,70,2.3,59.0,23.3,2.5
4,DRREDDY,Pharma,1251.9,60,3.3,70.0,192.5,5.2
5,GLAND,Pharma,2989.7,60,1.4,61.0,180.2,2.8
6,GLENMARK,Pharma,2441.5,60,2.6,54.0,118.8,1.1
7,SONACOMS,Auto,815.65,60,2.0,55.0,172.3,1.4
8,DIVISLAB,Pharma,9431.0,55,1.4,59.0,442.3,1.1
9,LAURUSLABS,Pharma,1979.0,55,1.5,58.0,324.1,1.1
10,AUROPHARMA,Pharma,1697.7,55,1.6,55.0,123.9,0.7
